PKOBP,20130102,37.35
KGHM,20130102,193.1
PGNIG,20130102,5.26
JSW,20130102,94.6
TPSA,20130102,12.16
PKOBP,20130103,37.35
KGHM,20130103,193.5
PGNIG,20130103,5.25
JSW,20130103,96.4
TPSA,20130103,12.13
PKOBP,20130104,36.7
KGHM,20130104,193.5
PGNIG,20130104,5.28
JSW,20130104,95.8
TPSA,20130104,12.5
PKOBP,20130107,36.13
KGHM,20130107,193
PGNIG,20130107,5.27
JSW,20130107,95.4
TPSA,20130107,12.87
PKOBP,20130108,35.6
KGHM,20130108,193.1
PGNIG,20130108,5.27
JSW,20130108,93.5
TPSA,20130108,12.73
PKOBP,20130109,35.99
KGHM,20130109,191
PGNIG,20130109,5.25
JSW,20130109,93.7
TPSA,20130109,12.75
PKOBP,20130110,36
KGHM,20130110,192
PGNIG,20130110,5.43
JSW,20130110,94.5
TPSA,20130110,12.79
PKOBP,20130111,35.92
KGHM,20130111,190.8
PGNIG,20130111,5.33
JSW,20130111,94.4
TPSA,20130111,12.75
PKOBP,20130114,36.39
KGHM,20130114,189
PGNIG,20130114,5.36
JSW,20130114,96.2
TPSA,20130114,12.76
PKOBP,20130115,36.11
KGHM,20130115,184
PGNIG,20130115,5.4
JSW,20130115,94.95
TPSA,20130115,12.78
PKOBP,20130116,36.3
KGHM,20130116,188
PGNIG,20130116,5.56
JSW,20130116,91.6
TPSA,20130116,12.68
PKOBP,20130117,36.49
KGHM,20130117,189.6
PGNIG,20130117,5.51
JSW,20130117,91.5
TPSA,20130117,12.6
PKOBP,20130118,36.28
KGHM,20130118,188
PGNIG,20130118,5.66
JSW,20130118,92.75
TPSA,20130118,12.76
PKOBP,20130121,35.77
KGHM,20130121,188.2
PGNIG,20130121,5.75
JSW,20130121,93.8
TPSA,20130121,12.68
PKOBP,20130122,35.3
KGHM,20130122,189.3
PGNIG,20130122,5.67
JSW,20130122,93.6
TPSA,20130122,12.37
PKOBP,20130123,34.76
KGHM,20130123,191
PGNIG,20130123,5.74
JSW,20130123,93.3
TPSA,20130123,12.18
PKOBP,20130124,34.85
KGHM,20130124,192
PGNIG,20130124,5.71
JSW,20130124,93.85
TPSA,20130124,12.15
PKOBP,20130125,34.7
KGHM,20130125,187.5
PGNIG,20130125,5.75
JSW,20130125,93
TPSA,20130125,11.92
PKOBP,20130128,34.8
KGHM,20130128,184.8
PGNIG,20130128,5.63
JSW,20130128,92.3
TPSA,20130128,11.99
PKOBP,20130129,34.9
KGHM,20130129,185.5
PGNIG,20130129,5.54
JSW,20130129,91.5
TPSA,20130129,11.99
PKOBP,20130130,34.4
KGHM,20130130,188
PGNIG,20130130,5.5
JSW,20130130,92.2
TPSA,20130130,11.94
PKOBP,20130131,34.63
KGHM,20130131,188.9
PGNIG,20130131,5.5
JSW,20130131,94
TPSA,20130131,12
PKOBP,20130201,34.5
KGHM,20130201,189.1
PGNIG,20130201,5.59
JSW,20130201,93.25
TPSA,20130201,12
PKOBP,20130204,34.6
KGHM,20130204,188
PGNIG,20130204,5.6
JSW,20130204,91.4
TPSA,20130204,11.76
PKOBP,20130205,34.59
KGHM,20130205,188.4
PGNIG,20130205,5.7
JSW,20130205,91
TPSA,20130205,11.65
PKOBP,20130206,34.55
KGHM,20130206,185.5
PGNIG,20130206,5.5
JSW,20130206,90.2
TPSA,20130206,11.6
PKOBP,20130207,35.17
KGHM,20130207,186.2
PGNIG,20130207,5.51
JSW,20130207,91.7
TPSA,20130207,11.52
PKOBP,20130208,35.58
KGHM,20130208,190
PGNIG,20130208,5.46
JSW,20130208,93.4
TPSA,20130208,11.7
PKOBP,20130211,35.35
KGHM,20130211,189
PGNIG,20130211,5.51
JSW,20130211,93.9
TPSA,20130211,11.64
PKOBP,20130212,35.4
KGHM,20130212,188.8
PGNIG,20130212,5.57
JSW,20130212,93.95
TPSA,20130212,8.39
PKOBP,20130213,35.3
KGHM,20130213,188.5
PGNIG,20130213,5.65
JSW,20130213,94.05
TPSA,20130213,7.73
PKOBP,20130214,35.5
KGHM,20130214,187.8
PGNIG,20130214,5.67
JSW,20130214,94.2
TPSA,20130214,7
PKOBP,20130215,35.36
KGHM,20130215,185.5
PGNIG,20130215,5.77
JSW,20130215,96.2
TPSA,20130215,7.1
PKOBP,20130218,35.36
KGHM,20130218,187.3
PGNIG,20130218,5.73
JSW,20130218,97.6
TPSA,20130218,7.3
PKOBP,20130219,34.93
KGHM,20130219,186
PGNIG,20130219,5.7
JSW,20130219,97.35
TPSA,20130219,7.13
PKOBP,20130220,34.65
KGHM,20130220,182.5
PGNIG,20130220,5.75
JSW,20130220,93.5
TPSA,20130220,7.01
PKOBP,20130221,34.49
KGHM,20130221,179
PGNIG,20130221,5.78
JSW,20130221,93.35
TPSA,20130221,6.78
PKOBP,20130222,34.63
KGHM,20130222,179.5
PGNIG,20130222,5.78
JSW,20130222,93.6
TPSA,20130222,6.72
PKOBP,20130225,35.07
KGHM,20130225,181.5
PGNIG,20130225,5.75
JSW,20130225,95
TPSA,20130225,6.8
PKOBP,20130226,34.9
KGHM,20130226,181
PGNIG,20130226,5.55
JSW,20130226,93.6
TPSA,20130226,6.85
PKOBP,20130227,35.08
KGHM,20130227,184
PGNIG,20130227,5.6
JSW,20130227,93.15
TPSA,20130227,6.74
PKOBP,20130228,35.6
KGHM,20130228,180.7
PGNIG,20130228,5.72
JSW,20130228,95
TPSA,20130228,6.8
PKOBP,20130301,35.3
KGHM,20130301,174
PGNIG,20130301,5.73
JSW,20130301,95.9
TPSA,20130301,7.27
PKOBP,20130304,34.45
KGHM,20130304,170.5
PGNIG,20130304,5.69
JSW,20130304,96.85
TPSA,20130304,7.35
PKOBP,20130305,35.05
KGHM,20130305,174
PGNIG,20130305,5.73
JSW,20130305,94.75
TPSA,20130305,7.35
PKOBP,20130306,34.75
KGHM,20130306,174
PGNIG,20130306,5.72
JSW,20130306,94.5
TPSA,20130306,7.32
PKOBP,20130307,34.61
KGHM,20130307,172.5
PGNIG,20130307,5.74
JSW,20130307,94.65
TPSA,20130307,7.15
PKOBP,20130308,34.2
KGHM,20130308,174
PGNIG,20130308,5.93
JSW,20130308,96.6
TPSA,20130308,7.21
PKOBP,20130311,34.78
KGHM,20130311,171.8
PGNIG,20130311,5.88
JSW,20130311,96.5
TPSA,20130311,7.08
PKOBP,20130312,34.7
KGHM,20130312,174.7
PGNIG,20130312,5.83
JSW,20130312,95.1
TPSA,20130312,7.01
PKOBP,20130313,35.09
KGHM,20130313,174.1
PGNIG,20130313,5.84
JSW,20130313,95.8
TPSA,20130313,6.83
PKOBP,20130314,35.5
KGHM,20130314,173.5
PGNIG,20130314,5.99
JSW,20130314,95.8
TPSA,20130314,6.86
PKOBP,20130315,35.01
KGHM,20130315,169.6
PGNIG,20130315,5.92
JSW,20130315,96.5
TPSA,20130315,6.8
PKOBP,20130318,34.82
KGHM,20130318,166
PGNIG,20130318,5.95
JSW,20130318,96.15
TPSA,20130318,6.87
PKOBP,20130319,34.4
KGHM,20130319,159.7
PGNIG,20130319,5.93
JSW,20130319,95.8
TPSA,20130319,6.66
PKOBP,20130320,34.47
KGHM,20130320,163
PGNIG,20130320,5.87
JSW,20130320,95.05
TPSA,20130320,6.71
PKOBP,20130321,34.2
KGHM,20130321,159
PGNIG,20130321,5.86
JSW,20130321,94.25
TPSA,20130321,6.8
PKOBP,20130322,33.75
KGHM,20130322,158.6
PGNIG,20130322,5.8
JSW,20130322,93.1
TPSA,20130322,6.75
PKOBP,20130325,34.08
KGHM,20130325,153.3
PGNIG,20130325,5.56
JSW,20130325,91
TPSA,20130325,6.66
PKOBP,20130326,34.53
KGHM,20130326,153
PGNIG,20130326,5.53
JSW,20130326,92.5
TPSA,20130326,6.44
PKOBP,20130327,34.72
KGHM,20130327,157.3
PGNIG,20130327,5.6
JSW,20130327,93.4
TPSA,20130327,6.4
PKOBP,20130328,34.55
KGHM,20130328,157.8
PGNIG,20130328,5.53
JSW,20130328,93.4
TPSA,20130328,6.67
PKOBP,20130402,34.65
KGHM,20130402,157.1
PGNIG,20130402,5.5
JSW,20130402,92
TPSA,20130402,6.7
PKOBP,20130403,34.45
KGHM,20130403,156
PGNIG,20130403,5.27
JSW,20130403,87.8
TPSA,20130403,6.43
PKOBP,20130404,34.31
KGHM,20130404,160
PGNIG,20130404,5.36
JSW,20130404,89.2
TPSA,20130404,6.57
PKOBP,20130405,34.79
KGHM,20130405,159.6
PGNIG,20130405,5.36
JSW,20130405,87.5
TPSA,20130405,6.42
PKOBP,20130408,34.65
KGHM,20130408,156.8
PGNIG,20130408,5.3
JSW,20130408,87.5
TPSA,20130408,6.31
PKOBP,20130409,34.8
KGHM,20130409,157.2
PGNIG,20130409,5.38
JSW,20130409,88.35
TPSA,20130409,6.3
PKOBP,20130410,34.65
KGHM,20130410,162.7
PGNIG,20130410,5.43
JSW,20130410,87
TPSA,20130410,6.25
PKOBP,20130411,34.98
KGHM,20130411,166.9
PGNIG,20130411,5.56
JSW,20130411,89.2
TPSA,20130411,6.34
PKOBP,20130412,34.56
KGHM,20130412,161.8
PGNIG,20130412,5.66
JSW,20130412,88.6
TPSA,20130412,6.63
PKOBP,20130415,34.3
KGHM,20130415,151.95
PGNIG,20130415,5.54
JSW,20130415,88.4
TPSA,20130415,6.66
PKOBP,20130417,34.2
KGHM,20130417,140.8
PGNIG,20130417,5.61
JSW,20130417,87.45
TPSA,20130417,6.7
PKOBP,20130418,33.31
KGHM,20130418,140.2
PGNIG,20130418,5.45
JSW,20130418,83
TPSA,20130418,6.51
PKOBP,20130419,33.94
KGHM,20130419,142.7
PGNIG,20130419,5.37
JSW,20130419,82.75
TPSA,20130419,6.65
PKOBP,20130422,33.45
KGHM,20130422,145.7
PGNIG,20130422,5.36
JSW,20130422,82.6
TPSA,20130422,6.65
PKOBP,20130423,33.2
KGHM,20130423,141
PGNIG,20130423,5.34
JSW,20130423,86.9
TPSA,20130423,6.69
PKOBP,20130424,33
KGHM,20130424,143.5
PGNIG,20130424,5.31
JSW,20130424,84
TPSA,20130424,6.68
PKOBP,20130425,32.81
KGHM,20130425,146
PGNIG,20130425,5.49
JSW,20130425,84.41
TPSA,20130425,6.69
PKOBP,20130426,32.72
KGHM,20130426,147.1
PGNIG,20130426,5.4
JSW,20130426,83.46
TPSA,20130426,6.66
PKOBP,20130429,32.8
KGHM,20130429,144.6
PGNIG,20130429,5.3
JSW,20130429,82
TPSA,20130429,6.71
PKOBP,20130430,32.9
KGHM,20130430,148
PGNIG,20130430,5.34
JSW,20130430,83.5
TPSA,20130430,7.04
PKOBP,20130502,32.8
KGHM,20130502,143.3
PGNIG,20130502,5.49
JSW,20130502,81
TPSA,20130502,7.43
PKOBP,20130506,33.5
KGHM,20130506,146.35
PGNIG,20130506,5.65
JSW,20130506,81.7
TPSA,20130506,7.54
PKOBP,20130507,34
KGHM,20130507,147.1
PGNIG,20130507,5.54
JSW,20130507,81
TPSA,20130507,7.3
PKOBP,20130508,33.8
KGHM,20130508,149
PGNIG,20130508,5.7
JSW,20130508,79.2
TPSA,20130508,7.4
PKOBP,20130509,33
KGHM,20130509,147
PGNIG,20130509,5.79
JSW,20130509,79.3
TPSA,20130509,7.55
PKOBP,20130510,33.18
KGHM,20130510,146.05
PGNIG,20130510,5.68
JSW,20130510,78.8
TPSA,20130510,7.55
PKOBP,20130513,33.65
KGHM,20130513,146
PGNIG,20130513,5.71
JSW,20130513,77.8
TPSA,20130513,7.71
PKOBP,20130514,34.35
KGHM,20130514,145.5
PGNIG,20130514,5.88
JSW,20130514,80.39
TPSA,20130514,8
PKOBP,20130515,34.95
KGHM,20130515,143.8
PGNIG,20130515,5.94
JSW,20130515,80
TPSA,20130515,7.91
PKOBP,20130516,34.5
KGHM,20130516,140.5
PGNIG,20130516,5.93
JSW,20130516,79.85
TPSA,20130516,7.8
PKOBP,20130517,34.05
KGHM,20130517,141
PGNIG,20130517,5.91
JSW,20130517,81.37
TPSA,20130517,7.78
PKOBP,20130520,33.7
KGHM,20130520,138
PGNIG,20130520,5.87
JSW,20130520,80.75
TPSA,20130520,7.79
PKOBP,20130521,33.7
KGHM,20130521,141.4
PGNIG,20130521,5.85
JSW,20130521,78
TPSA,20130521,7.65
PKOBP,20130522,33.6
KGHM,20130522,144.5
PGNIG,20130522,5.95
JSW,20130522,72.6
TPSA,20130522,7.55
PKOBP,20130523,33.7
KGHM,20130523,140.2
PGNIG,20130523,6.1
JSW,20130523,73.09
TPSA,20130523,7.6
PKOBP,20130524,33.7
KGHM,20130524,141.8
PGNIG,20130524,6.13
JSW,20130524,73.6
TPSA,20130524,7.8
PKOBP,20130527,34.47
KGHM,20130527,145.8
PGNIG,20130527,6.3
JSW,20130527,76
TPSA,20130527,7.99
PKOBP,20130528,34.41
KGHM,20130528,149.25
PGNIG,20130528,6.35
JSW,20130528,76.9
TPSA,20130528,7.99
PKOBP,20130529,34.65
KGHM,20130529,149.6
PGNIG,20130529,6.19
JSW,20130529,76.6
TPSA,20130529,8.15
PKOBP,20130531,34.81
KGHM,20130531,148.3
PGNIG,20130531,6.17
JSW,20130531,80.23
TPSA,20130531,8.14
PKOBP,20130603,34.1
KGHM,20130603,145.5
PGNIG,20130603,6.16
JSW,20130603,75.58
TPSA,20130603,7.87
PKOBP,20130604,34.79
KGHM,20130604,147
PGNIG,20130604,6.35
JSW,20130604,76.52
TPSA,20130604,7.85
PKOBP,20130605,34.26
KGHM,20130605,148
PGNIG,20130605,6.37
JSW,20130605,78.2
TPSA,20130605,7.9
PKOBP,20130606,34.48
KGHM,20130606,147.25
PGNIG,20130606,6.34
JSW,20130606,78.45
TPSA,20130606,8
PKOBP,20130607,35.9
KGHM,20130607,152
PGNIG,20130607,6.46
JSW,20130607,79
TPSA,20130607,8.04
PKOBP,20130610,36.76
KGHM,20130610,153
PGNIG,20130610,6.38
JSW,20130610,79.9
TPSA,20130610,8.1
PKOBP,20130611,36.4
KGHM,20130611,149.95
PGNIG,20130611,6.34
JSW,20130611,79
TPSA,20130611,8.1
PKOBP,20130612,36.42
KGHM,20130612,151.5
PGNIG,20130612,6.16
JSW,20130612,78.65
TPSA,20130612,8.16
PKOBP,20130613,37.3
KGHM,20130613,151.1
PGNIG,20130613,6.14
JSW,20130613,78.2
TPSA,20130613,8.14
PKOBP,20130614,36.85
KGHM,20130614,154.7
PGNIG,20130614,6.2
JSW,20130614,77.91
TPSA,20130614,8.15
PKOBP,20130617,36.1
KGHM,20130617,152.25
PGNIG,20130617,6.1
JSW,20130617,78.9
TPSA,20130617,8.05
PKOBP,20130618,36
KGHM,20130618,152
PGNIG,20130618,6.1
JSW,20130618,78.4
TPSA,20130618,8.15
PKOBP,20130619,36.02
KGHM,20130619,141.5
PGNIG,20130619,6.27
JSW,20130619,78.2
TPSA,20130619,8.15
PKOBP,20130620,34.08
KGHM,20130620,129.5
PGNIG,20130620,6.06
JSW,20130620,77
TPSA,20130620,8.12
PKOBP,20130621,34.06
KGHM,20130621,123
PGNIG,20130621,5.75
JSW,20130621,71.9
TPSA,20130621,7.5
PKOBP,20130624,34.6
KGHM,20130624,121.9
PGNIG,20130624,5.82
JSW,20130624,69.9
TPSA,20130624,7.73
PKOBP,20130625,35.1
KGHM,20130625,123
PGNIG,20130625,5.84
JSW,20130625,65.5
TPSA,20130625,7.41
PKOBP,20130626,35.4
KGHM,20130626,121.5
PGNIG,20130626,5.79
JSW,20130626,62.8
TPSA,20130626,7.56
PKOBP,20130627,34.95
KGHM,20130627,118.8
PGNIG,20130627,5.5
JSW,20130627,60
TPSA,20130627,7.55
PKOBP,20130628,35.6
KGHM,20130628,121
PGNIG,20130628,5.8
JSW,20130628,64.13
TPSA,20130628,7.65
PKOBP,20130701,34.64
KGHM,20130701,125.8
PGNIG,20130701,5.86
JSW,20130701,66
TPSA,20130701,7.53
PKOBP,20130702,34.8
KGHM,20130702,127
PGNIG,20130702,6.15
JSW,20130702,66.68
TPSA,20130702,7.65
PKOBP,20130703,33.9
KGHM,20130703,126.5
PGNIG,20130703,6.06
JSW,20130703,68.62
TPSA,20130703,7.67
PKOBP,20130704,34.88
KGHM,20130704,130
PGNIG,20130704,6.11
JSW,20130704,66.3
TPSA,20130704,7.74
PKOBP,20130705,34.5
KGHM,20130705,125
PGNIG,20130705,6.25
JSW,20130705,65.4
TPSA,20130705,7.73
PKOBP,20130708,34.62
KGHM,20130708,124.5
PGNIG,20130708,6.05
JSW,20130708,64.5
TPSA,20130708,7.6
PKOBP,20130709,34.2
KGHM,20130709,122
PGNIG,20130709,6.15
JSW,20130709,63.01
TPSA,20130709,7.7
PKOBP,20130710,35
KGHM,20130710,113.5
PGNIG,20130710,6.22
JSW,20130710,64.59
TPSA,20130710,7.9
PKOBP,20130711,35.25
KGHM,20130711,117.2
PGNIG,20130711,6.28
JSW,20130711,65.87
TPSA,20130711,7.93
PKOBP,20130712,35.95
KGHM,20130712,119.5
PGNIG,20130712,6.26
JSW,20130712,67.41
TPSA,20130712,7.97
PKOBP,20130715,36.2
KGHM,20130715,120.5
PGNIG,20130715,6.23
JSW,20130715,66.82
TPSA,20130715,7.9
PKOBP,20130716,36.4
KGHM,20130716,117.1
PGNIG,20130716,6.25
JSW,20130716,65.6
TPSA,20130716,7.94
PKOBP,20130717,36.4
KGHM,20130717,114
PGNIG,20130717,6.15
JSW,20130717,65.1
TPSA,20130717,8.04
PKOBP,20130718,36.6
KGHM,20130718,113
PGNIG,20130718,6.1
JSW,20130718,65.76
TPSA,20130718,8
PKOBP,20130719,36.79
KGHM,20130719,114.9
PGNIG,20130719,6.09
JSW,20130719,65.54
TPSA,20130719,8.05
PKOBP,20130722,36.99
KGHM,20130722,115.7
PGNIG,20130722,5.92
JSW,20130722,64.6
TPSA,20130722,8
PKOBP,20130723,36.99
KGHM,20130723,117.5
PGNIG,20130723,6
JSW,20130723,66
TPSA,20130723,8
PKOBP,20130724,36.15
KGHM,20130724,117.5
PGNIG,20130724,6.16
JSW,20130724,66.2
TPSA,20130724,7.94
PKOBP,20130725,36.77
KGHM,20130725,114.9
PGNIG,20130725,6.2
JSW,20130725,66.25
TPSA,20130725,7.77
PKOBP,20130726,36.2
KGHM,20130726,112
PGNIG,20130726,6.11
JSW,20130726,65.8
TPSA,20130726,7.69
PKOBP,20130729,36.3
KGHM,20130729,113.55
PGNIG,20130729,6.16
JSW,20130729,64
TPSA,20130729,7.8
PKOBP,20130730,36.59
KGHM,20130730,111.9
PGNIG,20130730,6.13
JSW,20130730,65
TPSA,20130730,7.78
PKOBP,20130731,37.2
KGHM,20130731,111
PGNIG,20130731,6.2
JSW,20130731,67
TPSA,20130731,7.6
PKOBP,20130801,38.17
KGHM,20130801,113.8
PGNIG,20130801,6.22
JSW,20130801,66.1
TPSA,20130801,7.7
PKOBP,20130802,39
KGHM,20130802,117.35
PGNIG,20130802,6.44
JSW,20130802,68.85
TPSA,20130802,7.76
PKOBP,20130805,38.7
KGHM,20130805,118.2
PGNIG,20130805,6.39
JSW,20130805,67.5
TPSA,20130805,7.7
PKOBP,20130806,37.3
KGHM,20130806,115.7
PGNIG,20130806,6.5
JSW,20130806,67.45
TPSA,20130806,7.64
PKOBP,20130807,37.79
KGHM,20130807,114.9
PGNIG,20130807,6.55
JSW,20130807,66.85
TPSA,20130807,7.55
PKOBP,20130808,38.49
KGHM,20130808,119
PGNIG,20130808,6.49
JSW,20130808,66.4
TPSA,20130808,7.67
PKOBP,20130809,39
KGHM,20130809,125.95
PGNIG,20130809,6.4
JSW,20130809,66.95
TPSA,20130809,7.51
PKOBP,20130812,39
KGHM,20130812,128.15
PGNIG,20130812,6.25
JSW,20130812,72
TPSA,20130812,7.39
PKOBP,20130813,39
KGHM,20130813,127.45
PGNIG,20130813,6.3
JSW,20130813,74
TPSA,20130813,7.28
PKOBP,20130814,39.45
KGHM,20130814,125
PGNIG,20130814,6.45
JSW,20130814,74.75
TPSA,20130814,7.14
PKOBP,20130816,39
KGHM,20130816,124
PGNIG,20130816,6.38
JSW,20130816,72.81
TPSA,20130816,7.06
PKOBP,20130819,39.08
KGHM,20130819,123
PGNIG,20130819,6.42
JSW,20130819,70.5
TPSA,20130819,7.2
PKOBP,20130820,38.54
KGHM,20130820,122.9
PGNIG,20130820,6.35
JSW,20130820,71
TPSA,20130820,7.15
PKOBP,20130821,37.92
KGHM,20130821,123
PGNIG,20130821,6.28
JSW,20130821,72
TPSA,20130821,7.3
PKOBP,20130822,38.31
KGHM,20130822,128.3
PGNIG,20130822,6.22
JSW,20130822,73
TPSA,20130822,7.53
PKOBP,20130823,38.67
KGHM,20130823,129.1
PGNIG,20130823,6.11
JSW,20130823,71.9
TPSA,20130823,7.61
PKOBP,20130826,38.22
KGHM,20130826,129.25
PGNIG,20130826,6.18
JSW,20130826,70.05
TPSA,20130826,7.57
PKOBP,20130827,38
KGHM,20130827,125.1
PGNIG,20130827,6.03
JSW,20130827,68.5
TPSA,20130827,7.53
PKOBP,20130828,38.1
KGHM,20130828,124.5
PGNIG,20130828,6.19
JSW,20130828,69.8
TPSA,20130828,7.68
PKOBP,20130829,37.95
KGHM,20130829,123.6
PGNIG,20130829,6.15
JSW,20130829,68.27
TPSA,20130829,7.62
PKOBP,20130830,38.31
KGHM,20130830,122.6
PGNIG,20130830,6.18
JSW,20130830,67.93
TPSA,20130830,7.65
PKOBP,20130902,38.33
KGHM,20130902,128.4
PGNIG,20130902,6.07
JSW,20130902,68.59
TPSA,20130902,7.55
PKOBP,20130903,37.73
KGHM,20130903,125.5
PGNIG,20130903,6.05
JSW,20130903,68.5
TPSA,20130903,7.61
PKOBP,20130904,37.01
KGHM,20130904,123.3
PGNIG,20130904,5.9
JSW,20130904,67.47
TPSA,20130904,7.7
PKOBP,20130905,35.13
KGHM,20130905,116.45
PGNIG,20130905,5.57
JSW,20130905,65
TPSA,20130905,7.34
PKOBP,20130906,35.22
KGHM,20130906,120
PGNIG,20130906,5.72
JSW,20130906,66.2
TPSA,20130906,7.28
PKOBP,20130909,35.85
KGHM,20130909,125.4
PGNIG,20130909,5.76
JSW,20130909,72
TPSA,20130909,7.4
PKOBP,20130910,36.9
KGHM,20130910,124.05
PGNIG,20130910,6.08
JSW,20130910,78.5
TPSA,20130910,7.73
PKOBP,20130911,37.1
KGHM,20130911,125.5
PGNIG,20130911,6.35
JSW,20130911,78.71
TPSA,20130911,7.93
PKOBP,20130912,37.87
KGHM,20130912,126.95
PGNIG,20130912,6.23
JSW,20130912,79
TPSA,20130912,7.9
PKOBP,20130913,37.85
KGHM,20130913,124
PGNIG,20130913,6.15
JSW,20130913,76.85
TPSA,20130913,7.8
PKOBP,20130916,38
KGHM,20130916,122.5
PGNIG,20130916,6.05
JSW,20130916,74
TPSA,20130916,7.77
PKOBP,20130917,36.31
KGHM,20130917,123.8
PGNIG,20130917,6.11
JSW,20130917,75.6
TPSA,20130917,7.76
PKOBP,20130918,36.66
KGHM,20130918,123.8
PGNIG,20130918,6.11
JSW,20130918,75
TPSA,20130918,7.83
PKOBP,20130919,37
KGHM,20130919,127.5
PGNIG,20130919,6.22
JSW,20130919,78.4
TPSA,20130919,7.8
PKOBP,20130920,36.1
KGHM,20130920,126.45
PGNIG,20130920,6.2
JSW,20130920,81
TPSA,20130920,7.8
PKOBP,20130923,35.95
KGHM,20130923,124
PGNIG,20130923,6.18
JSW,20130923,79.9
TPSA,20130923,7.84
PKOBP,20130924,36.13
KGHM,20130924,123.8
PGNIG,20130924,6.19
JSW,20130924,78
TPSA,20130924,7.89
PKOBP,20130925,36.55
KGHM,20130925,124.1
PGNIG,20130925,6.12
JSW,20130925,78.3
TPSA,20130925,8.34
PKOBP,20130926,37.43
KGHM,20130926,126.5
PGNIG,20130926,6.1
JSW,20130926,77.95
TPSA,20130926,8.4
PKOBP,20130927,37.29
KGHM,20130927,124
PGNIG,20130927,6.07
JSW,20130927,75.9
TPSA,20130927,8.36
PKOBP,20130930,37.1
KGHM,20130930,123.3
PGNIG,20130930,6.13
JSW,20130930,73.25
TPSA,20130930,8.3
PKOBP,20131001,37.2
KGHM,20131001,121.1
PGNIG,20131001,6.2
JSW,20131001,75.41
TPSA,20131001,8.39
PKOBP,20131002,37.44
KGHM,20131002,119.5
PGNIG,20131002,6.07
JSW,20131002,74.85
TPSA,20131002,8.6
PKOBP,20131003,37.7
KGHM,20131003,120
PGNIG,20131003,6.03
JSW,20131003,74
TPSA,20131003,8.64
PKOBP,20131004,37.45
KGHM,20131004,120.8
PGNIG,20131004,5.9
JSW,20131004,72.5
TPSA,20131004,8.55
PKOBP,20131007,37.27
KGHM,20131007,118.3
PGNIG,20131007,5.73
JSW,20131007,74
TPSA,20131007,8.58
PKOBP,20131008,37.45
KGHM,20131008,119.3
PGNIG,20131008,5.72
JSW,20131008,73.15
TPSA,20131008,8.55
PKOBP,20131009,37.5
KGHM,20131009,120
PGNIG,20131009,5.71
JSW,20131009,72.2
TPSA,20131009,8.59
PKOBP,20131010,38.5
KGHM,20131010,124.4
PGNIG,20131010,5.98
JSW,20131010,74.8
TPSA,20131010,8.6
PKOBP,20131011,39.01
KGHM,20131011,123
PGNIG,20131011,5.98
JSW,20131011,74.34
TPSA,20131011,8.75
PKOBP,20131014,38.83
KGHM,20131014,122
PGNIG,20131014,5.86
JSW,20131014,72.51
TPSA,20131014,8.69
PKOBP,20131015,38.65
KGHM,20131015,123.2
PGNIG,20131015,5.78
JSW,20131015,71.8
TPSA,20131015,8.72
PKOBP,20131016,38.7
KGHM,20131016,123.9
PGNIG,20131016,5.85
JSW,20131016,69.65
TPSA,20131016,8.7
PKOBP,20131017,38.1
KGHM,20131017,121.95
PGNIG,20131017,5.78
JSW,20131017,68
TPSA,20131017,8.51
PKOBP,20131018,38.9
KGHM,20131018,121.35
PGNIG,20131018,5.74
JSW,20131018,68.55
TPSA,20131018,8.64
PKOBP,20131021,39.47
KGHM,20131021,123.7
PGNIG,20131021,5.83
JSW,20131021,69.55
TPSA,20131021,8.8
PKOBP,20131022,39.15
KGHM,20131022,123.75
PGNIG,20131022,5.77
JSW,20131022,68.15
TPSA,20131022,9.28
PKOBP,20131023,39.1
KGHM,20131023,121.4
PGNIG,20131023,5.72
JSW,20131023,67.22
TPSA,20131023,9.43
PKOBP,20131024,39.71
KGHM,20131024,123.2
PGNIG,20131024,5.7
JSW,20131024,67.6
TPSA,20131024,9.79
PKOBP,20131025,40.15
KGHM,20131025,121.8
PGNIG,20131025,5.65
JSW,20131025,66.5
TPSA,20131025,9.88
PKOBP,20131028,41
KGHM,20131028,123.1
PGNIG,20131028,5.71
JSW,20131028,68.4
TPSA,20131028,10.2
PKOBP,20131029,41.3
KGHM,20131029,124.1
PGNIG,20131029,5.8
JSW,20131029,68.4
TPSA,20131029,10.39
PKOBP,20131030,40.75
KGHM,20131030,124.35
PGNIG,20131030,5.77
JSW,20131030,67.79
TPSA,20131030,9.96
PKOBP,20131031,40.85
KGHM,20131031,124.55
PGNIG,20131031,5.67
JSW,20131031,66.65
TPSA,20131031,9.98
PKOBP,20131104,40.93
KGHM,20131104,124.95
PGNIG,20131104,5.79
JSW,20131104,66.77
TPSA,20131104,9.96
PKOBP,20131105,40.7
KGHM,20131105,123.4
PGNIG,20131105,5.77
JSW,20131105,65.2
TPSA,20131105,9.81
PKOBP,20131106,41.13
KGHM,20131106,125
PGNIG,20131106,5.79
JSW,20131106,65.9
TPSA,20131106,10
PKOBP,20131107,40.8
KGHM,20131107,124.3
PGNIG,20131107,5.64
JSW,20131107,65.8
TPSA,20131107,10
PKOBP,20131108,40.45
KGHM,20131108,123.5
PGNIG,20131108,5.7
JSW,20131108,65.86
TPSA,20131108,9.97
PKOBP,20131112,40.35
KGHM,20131112,120
PGNIG,20131112,5.66
JSW,20131112,65.06
TPSA,20131112,10
PKOBP,20131113,39.5
KGHM,20131113,114.15
PGNIG,20131113,5.63
JSW,20131113,62.2
TPSA,20131113,9.95
PKOBP,20131114,40.46
KGHM,20131114,115.9
PGNIG,20131114,5.8
JSW,20131114,63
TPSA,20131114,10.13
PKOBP,20131115,41.29
KGHM,20131115,119.5
PGNIG,20131115,5.75
JSW,20131115,63.44
TPSA,20131115,10.6
PKOBP,20131118,42
KGHM,20131118,121.9
PGNIG,20131118,5.97
JSW,20131118,66.25
TPSA,20131118,10.99
PKOBP,20131119,41.5
KGHM,20131119,120.5
PGNIG,20131119,5.92
JSW,20131119,65.67
TPSA,20131119,11.1
PKOBP,20131120,41
KGHM,20131120,121.7
PGNIG,20131120,5.92
JSW,20131120,67.94
TPSA,20131120,10.99
PKOBP,20131121,41.08
KGHM,20131121,120.45
PGNIG,20131121,5.87
JSW,20131121,66.81
TPSA,20131121,10.81
PKOBP,20131122,41.5
KGHM,20131122,121.4
PGNIG,20131122,5.81
JSW,20131122,68.3
TPSA,20131122,10.8
PKOBP,20131125,41.9
KGHM,20131125,122.85
PGNIG,20131125,5.9
JSW,20131125,69
TPSA,20131125,10.79
PKOBP,20131126,41.3
KGHM,20131126,121.9
PGNIG,20131126,5.68
JSW,20131126,68.9
TPSA,20131126,10.54
PKOBP,20131127,41.9
KGHM,20131127,121
PGNIG,20131127,5.57
JSW,20131127,67.97
TPSA,20131127,10.5
PKOBP,20131128,41.5
KGHM,20131128,117
PGNIG,20131128,5.64
JSW,20131128,66.97
TPSA,20131128,10.3
PKOBP,20131129,41.15
KGHM,20131129,118.45
PGNIG,20131129,5.75
JSW,20131129,66.14
TPSA,20131129,10.35
PKOBP,20131202,40.4
KGHM,20131202,116
PGNIG,20131202,5.71
JSW,20131202,64
TPSA,20131202,10.15
PKOBP,20131203,39.8
KGHM,20131203,113.5
PGNIG,20131203,5.75
JSW,20131203,62.29
TPSA,20131203,10.1
PKOBP,20131204,39.43
KGHM,20131204,113.7
PGNIG,20131204,5.72
JSW,20131204,61.51
TPSA,20131204,10.25
PKOBP,20131205,38.97
KGHM,20131205,112
PGNIG,20131205,5.75
JSW,20131205,60.75
TPSA,20131205,10.15
PKOBP,20131206,39.7
KGHM,20131206,112.8
PGNIG,20131206,5.65
JSW,20131206,62.3
TPSA,20131206,10.15
PKOBP,20131209,39.7
KGHM,20131209,115
PGNIG,20131209,5.58
JSW,20131209,62.3
TPSA,20131209,9.51
PKOBP,20131210,39.5
KGHM,20131210,116.8
PGNIG,20131210,5.45
JSW,20131210,61.5
TPSA,20131210,9.79
PKOBP,20131211,40.15
KGHM,20131211,116
PGNIG,20131211,5.34
JSW,20131211,60.2
TPSA,20131211,9.74
PKOBP,20131212,40
KGHM,20131212,113.85
PGNIG,20131212,5.24
JSW,20131212,60.87
TPSA,20131212,9.66
PKOBP,20131213,39.26
KGHM,20131213,114.95
PGNIG,20131213,5.21
JSW,20131213,60.5
TPSA,20131213,9.59
PKOBP,20131216,39.5
KGHM,20131216,114.75
PGNIG,20131216,5.3
JSW,20131216,60.05
TPSA,20131216,9.6
PKOBP,20131217,38.64
KGHM,20131217,114.3
PGNIG,20131217,5.28
JSW,20131217,58.48
TPSA,20131217,9.79
PKOBP,20131218,39.21
KGHM,20131218,115.5
PGNIG,20131218,5.39
JSW,20131218,57.5
TPSA,20131218,9.61
PKOBP,20131219,39.3
KGHM,20131219,115
PGNIG,20131219,5.25
JSW,20131219,55.93
TPSA,20131219,9.7
PKOBP,20131220,40.2
KGHM,20131220,114
PGNIG,20131220,5.29
JSW,20131220,54
TPSA,20131220,9.72
PKOBP,20131223,39.66
KGHM,20131223,114.65
PGNIG,20131223,5.27
JSW,20131223,54.21
TPSA,20131223,9.77
PKOBP,20131227,39.5
KGHM,20131227,116.8
PGNIG,20131227,5.14
JSW,20131227,54.09
TPSA,20131227,9.7
PKOBP,20131230,39.42
KGHM,20131230,118
PGNIG,20131230,5.15
JSW,20131230,53.13
TPSA,20131230,9.8
